-- V2__seed_data.sql

-- Teams
INSERT INTO team(id, name) 
VALUES 
    ('00000000-0000-0000-0000-000000000001', 'Chicago Bulls');

INSERT INTO team(id, name) 
VALUES 
    ('00000000-0000-0000-0000-000000000002', 'Los Angeles Lakers');

-- Players
INSERT INTO player(id, name, team_id)
VALUES
    ('30000000-0000-0000-0000-000000000001', 'Michael Jordan', '00000000-0000-0000-0000-000000000001'),
    ('30000000-0000-0000-0000-000000000002', 'Scottie Pippen', '00000000-0000-0000-0000-000000000001'),
    ('30000000-0000-0000-0000-000000000003', 'Dennis Rodman', '00000000-0000-0000-0000-000000000001'),
    ('30000000-0000-0000-0000-000000000004', 'Steve Kerr', '00000000-0000-0000-0000-000000000001'),
    ('30000000-0000-0000-0000-000000000005', 'Toni Kukoč', '00000000-0000-0000-0000-000000000001');

INSERT INTO player(id, name, team_id)
VALUES
    ('40000000-0000-0000-0000-000000000001', 'Magic Johnson', '00000000-0000-0000-0000-000000000002'),
    ('40000000-0000-0000-0000-000000000002', 'Kareem Abdul-Jabbar', '00000000-0000-0000-0000-000000000002'),
    ('40000000-0000-0000-0000-000000000003', 'James Worthy', '00000000-0000-0000-0000-000000000002'),
    ('40000000-0000-0000-0000-000000000004', 'Kobe Bryant', '00000000-0000-0000-0000-000000000002'),
    ('40000000-0000-0000-0000-000000000005', 'Shaquille O''Neal', '00000000-0000-0000-0000-000000000002');

-- Games
INSERT INTO game(id, date, season, home_team_id, away_team_id, home_score, away_score)
VALUES (
    '11111111-1111-1111-1111-111111111111', 
    CURRENT_DATE, 
    EXTRACT(YEAR FROM CURRENT_DATE)::INT,
    '00000000-0000-0000-0000-000000000001',
    '00000000-0000-0000-0000-000000000002',
    102, 
    98
);

INSERT INTO game(id, date, season, home_team_id, away_team_id, home_score, away_score)
VALUES (
    '11111111-1111-1111-1111-111111111112', 
    CURRENT_DATE - INTERVAL '1 day', 
    EXTRACT(YEAR FROM CURRENT_DATE)::INT,
    '00000000-0000-0000-0000-000000000002',
    '00000000-0000-0000-0000-000000000001',
    110,
    105
);

--Player Stat
INSERT INTO player_stat(game_id, player_id, points, rebounds, assists, steals, blocks, fouls, turnovers, minutes_played)
VALUES (
    '11111111-1111-1111-1111-111111111111',
    '30000000-0000-0000-0000-000000000001',
    30, 6, 5, 2, 1, 3, 2, 38.5
);

INSERT INTO player_stat(game_id, player_id, points, rebounds, assists, steals, blocks, fouls, turnovers, minutes_played)
VALUES (
    '11111111-1111-1111-1111-111111111111',
    '40000000-0000-0000-0000-000000000001',
    22, 7, 12, 1, 0, 2, 4, 40.1
);